{
    "accuracy": 0.9702355460385439,
    "precision": 0.9100719424460432,
    "recall": 0.8504201680672269,
    "auc": 0.91907511470846
}
