{
    "accuracy": 0.9996224990562477,
    "precision": 1.0,
    "recall": 0.9969512195121951,
    "auc": 0.9984756097560976
}
